Observation id,Observation date,Description,Observation type,Source,Time offset (s),Coding duration,Media duration (s),FPS (frame/s),Subject,Observation duration by subject by observation,Behavior,Behavioral category,Behavior type,Start (s),Stop (s),Duration (s),Media file name,Image index start,Image index stop,Image file path start,Image file path stop,Comment start,Comment stop
2025_08_27 0725-11B PFC+NAc DAsensor day2,2025-08-28 22:15:16.386,,Media file,player #1:D:/2025_08_27 0725-11B PFC+NAc DAsensor day2/2025_08_27 0725-11B PFC+NAc DAsensor day2.mp4,0.0,1922.500,2636.667,30.000,No focal subject,0.0,f,Not defined,POINT,677.233,677.233,NA,D:/2025_08_27 0725-11B PFC+NAc DAsensor day2/2025_08_27 0725-11B PFC+NAc DAsensor day2.mp4,20317,20317,,,,
2025_08_27 0725-11B PFC+NAc DAsensor day2,2025-08-28 22:15:16.386,,Media file,player #1:D:/2025_08_27 0725-11B PFC+NAc DAsensor day2/2025_08_27 0725-11B PFC+NAc DAsensor day2.mp4,0.0,1922.500,2636.667,30.000,No focal subject,0.0,t,Not defined,POINT,709.733,709.733,NA,D:/2025_08_27 0725-11B PFC+NAc DAsensor day2/2025_08_27 0725-11B PFC+NAc DAsensor day2.mp4,21292,21292,,,,
2025_08_27 0725-11B PFC+NAc DAsensor day2,2025-08-28 22:15:16.386,,Media file,player #1:D:/2025_08_27 0725-11B PFC+NAc DAsensor day2/2025_08_27 0725-11B PFC+NAc DAsensor day2.mp4,0.0,1922.500,2636.667,30.000,No focal subject,0.0,q,Not defined,POINT,710.967,710.967,NA,D:/2025_08_27 0725-11B PFC+NAc DAsensor day2/2025_08_27 0725-11B PFC+NAc DAsensor day2.mp4,21329,21329,,,,
2025_08_27 0725-11B PFC+NAc DAsensor day2,2025-08-28 22:15:16.386,,Media file,player #1:D:/2025_08_27 0725-11B PFC+NAc DAsensor day2/2025_08_27 0725-11B PFC+NAc DAsensor day2.mp4,0.0,1922.500,2636.667,30.000,No focal subject,0.0,g,Not defined,POINT,711.567,711.567,NA,D:/2025_08_27 0725-11B PFC+NAc DAsensor day2/2025_08_27 0725-11B PFC+NAc DAsensor day2.mp4,21347,21347,,,,
2025_08_27 0725-11B PFC+NAc DAsensor day2,2025-08-28 22:15:16.386,,Media file,player #1:D:/2025_08_27 0725-11B PFC+NAc DAsensor day2/2025_08_27 0725-11B PFC+NAc DAsensor day2.mp4,0.0,1922.500,2636.667,30.000,No focal subject,0.0,v,Not defined,POINT,713.500,713.500,NA,D:/2025_08_27 0725-11B PFC+NAc DAsensor day2/2025_08_27 0725-11B PFC+NAc DAsensor day2.mp4,21405,21405,,,,
2025_08_27 0725-11B PFC+NAc DAsensor day2,2025-08-28 22:15:16.386,,Media file,player #1:D:/2025_08_27 0725-11B PFC+NAc DAsensor day2/2025_08_27 0725-11B PFC+NAc DAsensor day2.mp4,0.0,1922.500,2636.667,30.000,No focal subject,0.0,t,Not defined,POINT,722.600,722.600,NA,D:/2025_08_27 0725-11B PFC+NAc DAsensor day2/2025_08_27 0725-11B PFC+NAc DAsensor day2.mp4,21678,21678,,,,
2025_08_27 0725-11B PFC+NAc DAsensor day2,2025-08-28 22:15:16.386,,Media file,player #1:D:/2025_08_27 0725-11B PFC+NAc DAsensor day2/2025_08_27 0725-11B PFC+NAc DAsensor day2.mp4,0.0,1922.500,2636.667,30.000,No focal subject,0.0,q,Not defined,POINT,731.067,731.067,NA,D:/2025_08_27 0725-11B PFC+NAc DAsensor day2/2025_08_27 0725-11B PFC+NAc DAsensor day2.mp4,21932,21932,,,,
2025_08_27 0725-11B PFC+NAc DAsensor day2,2025-08-28 22:15:16.386,,Media file,player #1:D:/2025_08_27 0725-11B PFC+NAc DAsensor day2/2025_08_27 0725-11B PFC+NAc DAsensor day2.mp4,0.0,1922.500,2636.667,30.000,No focal subject,0.0,g,Not defined,POINT,732.000,732.000,NA,D:/2025_08_27 0725-11B PFC+NAc DAsensor day2/2025_08_27 0725-11B PFC+NAc DAsensor day2.mp4,21960,21960,,,,
2025_08_27 0725-11B PFC+NAc DAsensor day2,2025-08-28 22:15:16.386,,Media file,player #1:D:/2025_08_27 0725-11B PFC+NAc DAsensor day2/2025_08_27 0725-11B PFC+NAc DAsensor day2.mp4,0.0,1922.500,2636.667,30.000,No focal subject,0.0,v,Not defined,POINT,733.733,733.733,NA,D:/2025_08_27 0725-11B PFC+NAc DAsensor day2/2025_08_27 0725-11B PFC+NAc DAsensor day2.mp4,22012,22012,,,,
2025_08_27 0725-11B PFC+NAc DAsensor day2,2025-08-28 22:15:16.386,,Media file,player #1:D:/2025_08_27 0725-11B PFC+NAc DAsensor day2/2025_08_27 0725-11B PFC+NAc DAsensor day2.mp4,0.0,1922.500,2636.667,30.000,No focal subject,0.0,t,Not defined,POINT,754.200,754.200,NA,D:/2025_08_27 0725-11B PFC+NAc DAsensor day2/2025_08_27 0725-11B PFC+NAc DAsensor day2.mp4,22626,22626,,,,
2025_08_27 0725-11B PFC+NAc DAsensor day2,2025-08-28 22:15:16.386,,Media file,player #1:D:/2025_08_27 0725-11B PFC+NAc DAsensor day2/2025_08_27 0725-11B PFC+NAc DAsensor day2.mp4,0.0,1922.500,2636.667,30.000,No focal subject,0.0,q,Not defined,POINT,759.700,759.700,NA,D:/2025_08_27 0725-11B PFC+NAc DAsensor day2/2025_08_27 0725-11B PFC+NAc DAsensor day2.mp4,22791,22791,,,,
2025_08_27 0725-11B PFC+NAc DAsensor day2,2025-08-28 22:15:16.386,,Media file,player #1:D:/2025_08_27 0725-11B PFC+NAc DAsensor day2/2025_08_27 0725-11B PFC+NAc DAsensor day2.mp4,0.0,1922.500,2636.667,30.000,No focal subject,0.0,g,Not defined,POINT,761.067,761.067,NA,D:/2025_08_27 0725-11B PFC+NAc DAsensor day2/2025_08_27 0725-11B PFC+NAc DAsensor day2.mp4,22832,22832,,,,
2025_08_27 0725-11B PFC+NAc DAsensor day2,2025-08-28 22:15:16.386,,Media file,player #1:D:/2025_08_27 0725-11B PFC+NAc DAsensor day2/2025_08_27 0725-11B PFC+NAc DAsensor day2.mp4,0.0,1922.500,2636.667,30.000,No focal subject,0.0,v,Not defined,POINT,764.900,764.900,NA,D:/2025_08_27 0725-11B PFC+NAc DAsensor day2/2025_08_27 0725-11B PFC+NAc DAsensor day2.mp4,22947,22947,,,,
2025_08_27 0725-11B PFC+NAc DAsensor day2,2025-08-28 22:15:16.386,,Media file,player #1:D:/2025_08_27 0725-11B PFC+NAc DAsensor day2/2025_08_27 0725-11B PFC+NAc DAsensor day2.mp4,0.0,1922.500,2636.667,30.000,No focal subject,0.0,t,Not defined,POINT,795.767,795.767,NA,D:/2025_08_27 0725-11B PFC+NAc DAsensor day2/2025_08_27 0725-11B PFC+NAc DAsensor day2.mp4,23873,23873,,,,
2025_08_27 0725-11B PFC+NAc DAsensor day2,2025-08-28 22:15:16.386,,Media file,player #1:D:/2025_08_27 0725-11B PFC+NAc DAsensor day2/2025_08_27 0725-11B PFC+NAc DAsensor day2.mp4,0.0,1922.500,2636.667,30.000,No focal subject,0.0,i,Not defined,POINT,798.033,798.033,NA,D:/2025_08_27 0725-11B PFC+NAc DAsensor day2/2025_08_27 0725-11B PFC+NAc DAsensor day2.mp4,23941,23941,,,,
2025_08_27 0725-11B PFC+NAc DAsensor day2,2025-08-28 22:15:16.386,,Media file,player #1:D:/2025_08_27 0725-11B PFC+NAc DAsensor day2/2025_08_27 0725-11B PFC+NAc DAsensor day2.mp4,0.0,1922.500,2636.667,30.000,No focal subject,0.0,w,Not defined,POINT,815.033,815.033,NA,D:/2025_08_27 0725-11B PFC+NAc DAsensor day2/2025_08_27 0725-11B PFC+NAc DAsensor day2.mp4,24451,24451,,,,
2025_08_27 0725-11B PFC+NAc DAsensor day2,2025-08-28 22:15:16.386,,Media file,player #1:D:/2025_08_27 0725-11B PFC+NAc DAsensor day2/2025_08_27 0725-11B PFC+NAc DAsensor day2.mp4,0.0,1922.500,2636.667,30.000,No focal subject,0.0,c,Not defined,POINT,822.967,822.967,NA,D:/2025_08_27 0725-11B PFC+NAc DAsensor day2/2025_08_27 0725-11B PFC+NAc DAsensor day2.mp4,24689,24689,,,,
2025_08_27 0725-11B PFC+NAc DAsensor day2,2025-08-28 22:15:16.386,,Media file,player #1:D:/2025_08_27 0725-11B PFC+NAc DAsensor day2/2025_08_27 0725-11B PFC+NAc DAsensor day2.mp4,0.0,1922.500,2636.667,30.000,No focal subject,0.0,t,Not defined,POINT,828.500,828.500,NA,D:/2025_08_27 0725-11B PFC+NAc DAsensor day2/2025_08_27 0725-11B PFC+NAc DAsensor day2.mp4,24855,24855,,,,
2025_08_27 0725-11B PFC+NAc DAsensor day2,2025-08-28 22:15:16.386,,Media file,player #1:D:/2025_08_27 0725-11B PFC+NAc DAsensor day2/2025_08_27 0725-11B PFC+NAc DAsensor day2.mp4,0.0,1922.500,2636.667,30.000,No focal subject,0.0,i,Not defined,POINT,843.067,843.067,NA,D:/2025_08_27 0725-11B PFC+NAc DAsensor day2/2025_08_27 0725-11B PFC+NAc DAsensor day2.mp4,25292,25292,,,,
2025_08_27 0725-11B PFC+NAc DAsensor day2,2025-08-28 22:15:16.386,,Media file,player #1:D:/2025_08_27 0725-11B PFC+NAc DAsensor day2/2025_08_27 0725-11B PFC+NAc DAsensor day2.mp4,0.0,1922.500,2636.667,30.000,No focal subject,0.0,w,Not defined,POINT,850.167,850.167,NA,D:/2025_08_27 0725-11B PFC+NAc DAsensor day2/2025_08_27 0725-11B PFC+NAc DAsensor day2.mp4,25505,25505,,,,
2025_08_27 0725-11B PFC+NAc DAsensor day2,2025-08-28 22:15:16.386,,Media file,player #1:D:/2025_08_27 0725-11B PFC+NAc DAsensor day2/2025_08_27 0725-11B PFC+NAc DAsensor day2.mp4,0.0,1922.500,2636.667,30.000,No focal subject,0.0,c,Not defined,POINT,855.133,855.133,NA,D:/2025_08_27 0725-11B PFC+NAc DAsensor day2/2025_08_27 0725-11B PFC+NAc DAsensor day2.mp4,25654,25654,,,,
2025_08_27 0725-11B PFC+NAc DAsensor day2,2025-08-28 22:15:16.386,,Media file,player #1:D:/2025_08_27 0725-11B PFC+NAc DAsensor day2/2025_08_27 0725-11B PFC+NAc DAsensor day2.mp4,0.0,1922.500,2636.667,30.000,No focal subject,0.0,t,Not defined,POINT,862.200,862.200,NA,D:/2025_08_27 0725-11B PFC+NAc DAsensor day2/2025_08_27 0725-11B PFC+NAc DAsensor day2.mp4,25866,25866,,,,
2025_08_27 0725-11B PFC+NAc DAsensor day2,2025-08-28 22:15:16.386,,Media file,player #1:D:/2025_08_27 0725-11B PFC+NAc DAsensor day2/2025_08_27 0725-11B PFC+NAc DAsensor day2.mp4,0.0,1922.500,2636.667,30.000,No focal subject,0.0,i,Not defined,POINT,870.667,870.667,NA,D:/2025_08_27 0725-11B PFC+NAc DAsensor day2/2025_08_27 0725-11B PFC+NAc DAsensor day2.mp4,26120,26120,,,,
2025_08_27 0725-11B PFC+NAc DAsensor day2,2025-08-28 22:15:16.386,,Media file,player #1:D:/2025_08_27 0725-11B PFC+NAc DAsensor day2/2025_08_27 0725-11B PFC+NAc DAsensor day2.mp4,0.0,1922.500,2636.667,30.000,No focal subject,0.0,w,Not defined,POINT,878.800,878.800,NA,D:/2025_08_27 0725-11B PFC+NAc DAsensor day2/2025_08_27 0725-11B PFC+NAc DAsensor day2.mp4,26364,26364,,,,
2025_08_27 0725-11B PFC+NAc DAsensor day2,2025-08-28 22:15:16.386,,Media file,player #1:D:/2025_08_27 0725-11B PFC+NAc DAsensor day2/2025_08_27 0725-11B PFC+NAc DAsensor day2.mp4,0.0,1922.500,2636.667,30.000,No focal subject,0.0,c,Not defined,POINT,889.400,889.400,NA,D:/2025_08_27 0725-11B PFC+NAc DAsensor day2/2025_08_27 0725-11B PFC+NAc DAsensor day2.mp4,26682,26682,,,,
2025_08_27 0725-11B PFC+NAc DAsensor day2,2025-08-28 22:15:16.386,,Media file,player #1:D:/2025_08_27 0725-11B PFC+NAc DAsensor day2/2025_08_27 0725-11B PFC+NAc DAsensor day2.mp4,0.0,1922.500,2636.667,30.000,No focal subject,0.0,t,Not defined,POINT,895.067,895.067,NA,D:/2025_08_27 0725-11B PFC+NAc DAsensor day2/2025_08_27 0725-11B PFC+NAc DAsensor day2.mp4,26852,26852,,,,
2025_08_27 0725-11B PFC+NAc DAsensor day2,2025-08-28 22:15:16.386,,Media file,player #1:D:/2025_08_27 0725-11B PFC+NAc DAsensor day2/2025_08_27 0725-11B PFC+NAc DAsensor day2.mp4,0.0,1922.500,2636.667,30.000,No focal subject,0.0,q,Not defined,POINT,918.033,918.033,NA,D:/2025_08_27 0725-11B PFC+NAc DAsensor day2/2025_08_27 0725-11B PFC+NAc DAsensor day2.mp4,27541,27541,,,,
2025_08_27 0725-11B PFC+NAc DAsensor day2,2025-08-28 22:15:16.386,,Media file,player #1:D:/2025_08_27 0725-11B PFC+NAc DAsensor day2/2025_08_27 0725-11B PFC+NAc DAsensor day2.mp4,0.0,1922.500,2636.667,30.000,No focal subject,0.0,g,Not defined,POINT,918.800,918.800,NA,D:/2025_08_27 0725-11B PFC+NAc DAsensor day2/2025_08_27 0725-11B PFC+NAc DAsensor day2.mp4,27564,27564,,,,
2025_08_27 0725-11B PFC+NAc DAsensor day2,2025-08-28 22:15:16.386,,Media file,player #1:D:/2025_08_27 0725-11B PFC+NAc DAsensor day2/2025_08_27 0725-11B PFC+NAc DAsensor day2.mp4,0.0,1922.500,2636.667,30.000,No focal subject,0.0,v,Not defined,POINT,920.600,920.600,NA,D:/2025_08_27 0725-11B PFC+NAc DAsensor day2/2025_08_27 0725-11B PFC+NAc DAsensor day2.mp4,27618,27618,,,,
2025_08_27 0725-11B PFC+NAc DAsensor day2,2025-08-28 22:15:16.386,,Media file,player #1:D:/2025_08_27 0725-11B PFC+NAc DAsensor day2/2025_08_27 0725-11B PFC+NAc DAsensor day2.mp4,0.0,1922.500,2636.667,30.000,No focal subject,0.0,t,Not defined,POINT,960.700,960.700,NA,D:/2025_08_27 0725-11B PFC+NAc DAsensor day2/2025_08_27 0725-11B PFC+NAc DAsensor day2.mp4,28821,28821,,,,
2025_08_27 0725-11B PFC+NAc DAsensor day2,2025-08-28 22:15:16.386,,Media file,player #1:D:/2025_08_27 0725-11B PFC+NAc DAsensor day2/2025_08_27 0725-11B PFC+NAc DAsensor day2.mp4,0.0,1922.500,2636.667,30.000,No focal subject,0.0,q,Not defined,POINT,965.200,965.200,NA,D:/2025_08_27 0725-11B PFC+NAc DAsensor day2/2025_08_27 0725-11B PFC+NAc DAsensor day2.mp4,28956,28956,,,,
2025_08_27 0725-11B PFC+NAc DAsensor day2,2025-08-28 22:15:16.386,,Media file,player #1:D:/2025_08_27 0725-11B PFC+NAc DAsensor day2/2025_08_27 0725-11B PFC+NAc DAsensor day2.mp4,0.0,1922.500,2636.667,30.000,No focal subject,0.0,g,Not defined,POINT,967.567,967.567,NA,D:/2025_08_27 0725-11B PFC+NAc DAsensor day2/2025_08_27 0725-11B PFC+NAc DAsensor day2.mp4,29027,29027,,,,
2025_08_27 0725-11B PFC+NAc DAsensor day2,2025-08-28 22:15:16.386,,Media file,player #1:D:/2025_08_27 0725-11B PFC+NAc DAsensor day2/2025_08_27 0725-11B PFC+NAc DAsensor day2.mp4,0.0,1922.500,2636.667,30.000,No focal subject,0.0,v,Not defined,POINT,971.767,971.767,NA,D:/2025_08_27 0725-11B PFC+NAc DAsensor day2/2025_08_27 0725-11B PFC+NAc DAsensor day2.mp4,29153,29153,,,,
2025_08_27 0725-11B PFC+NAc DAsensor day2,2025-08-28 22:15:16.386,,Media file,player #1:D:/2025_08_27 0725-11B PFC+NAc DAsensor day2/2025_08_27 0725-11B PFC+NAc DAsensor day2.mp4,0.0,1922.500,2636.667,30.000,No focal subject,0.0,t,Not defined,POINT,1004.667,1004.667,NA,D:/2025_08_27 0725-11B PFC+NAc DAsensor day2/2025_08_27 0725-11B PFC+NAc DAsensor day2.mp4,30140,30140,,,,
2025_08_27 0725-11B PFC+NAc DAsensor day2,2025-08-28 22:15:16.386,,Media file,player #1:D:/2025_08_27 0725-11B PFC+NAc DAsensor day2/2025_08_27 0725-11B PFC+NAc DAsensor day2.mp4,0.0,1922.500,2636.667,30.000,No focal subject,0.0,i,Not defined,POINT,1032.933,1032.933,NA,D:/2025_08_27 0725-11B PFC+NAc DAsensor day2/2025_08_27 0725-11B PFC+NAc DAsensor day2.mp4,30988,30988,,,,
2025_08_27 0725-11B PFC+NAc DAsensor day2,2025-08-28 22:15:16.386,,Media file,player #1:D:/2025_08_27 0725-11B PFC+NAc DAsensor day2/2025_08_27 0725-11B PFC+NAc DAsensor day2.mp4,0.0,1922.500,2636.667,30.000,No focal subject,0.0,w,Not defined,POINT,1047.700,1047.700,NA,D:/2025_08_27 0725-11B PFC+NAc DAsensor day2/2025_08_27 0725-11B PFC+NAc DAsensor day2.mp4,31431,31431,,,,
2025_08_27 0725-11B PFC+NAc DAsensor day2,2025-08-28 22:15:16.386,,Media file,player #1:D:/2025_08_27 0725-11B PFC+NAc DAsensor day2/2025_08_27 0725-11B PFC+NAc DAsensor day2.mp4,0.0,1922.500,2636.667,30.000,No focal subject,0.0,c,Not defined,POINT,1056.433,1056.433,NA,D:/2025_08_27 0725-11B PFC+NAc DAsensor day2/2025_08_27 0725-11B PFC+NAc DAsensor day2.mp4,31693,31693,,,,
2025_08_27 0725-11B PFC+NAc DAsensor day2,2025-08-28 22:15:16.386,,Media file,player #1:D:/2025_08_27 0725-11B PFC+NAc DAsensor day2/2025_08_27 0725-11B PFC+NAc DAsensor day2.mp4,0.0,1922.500,2636.667,30.000,No focal subject,0.0,t,Not defined,POINT,1067.400,1067.400,NA,D:/2025_08_27 0725-11B PFC+NAc DAsensor day2/2025_08_27 0725-11B PFC+NAc DAsensor day2.mp4,32022,32022,,,,
2025_08_27 0725-11B PFC+NAc DAsensor day2,2025-08-28 22:15:16.386,,Media file,player #1:D:/2025_08_27 0725-11B PFC+NAc DAsensor day2/2025_08_27 0725-11B PFC+NAc DAsensor day2.mp4,0.0,1922.500,2636.667,30.000,No focal subject,0.0,i,Not defined,POINT,1081.300,1081.300,NA,D:/2025_08_27 0725-11B PFC+NAc DAsensor day2/2025_08_27 0725-11B PFC+NAc DAsensor day2.mp4,32439,32439,,,,
2025_08_27 0725-11B PFC+NAc DAsensor day2,2025-08-28 22:15:16.386,,Media file,player #1:D:/2025_08_27 0725-11B PFC+NAc DAsensor day2/2025_08_27 0725-11B PFC+NAc DAsensor day2.mp4,0.0,1922.500,2636.667,30.000,No focal subject,0.0,w,Not defined,POINT,1088.067,1088.067,NA,D:/2025_08_27 0725-11B PFC+NAc DAsensor day2/2025_08_27 0725-11B PFC+NAc DAsensor day2.mp4,32642,32642,,,,
2025_08_27 0725-11B PFC+NAc DAsensor day2,2025-08-28 22:15:16.386,,Media file,player #1:D:/2025_08_27 0725-11B PFC+NAc DAsensor day2/2025_08_27 0725-11B PFC+NAc DAsensor day2.mp4,0.0,1922.500,2636.667,30.000,No focal subject,0.0,c,Not defined,POINT,1097.300,1097.300,NA,D:/2025_08_27 0725-11B PFC+NAc DAsensor day2/2025_08_27 0725-11B PFC+NAc DAsensor day2.mp4,32919,32919,,,,
2025_08_27 0725-11B PFC+NAc DAsensor day2,2025-08-28 22:15:16.386,,Media file,player #1:D:/2025_08_27 0725-11B PFC+NAc DAsensor day2/2025_08_27 0725-11B PFC+NAc DAsensor day2.mp4,0.0,1922.500,2636.667,30.000,No focal subject,0.0,t,Not defined,POINT,1102.133,1102.133,NA,D:/2025_08_27 0725-11B PFC+NAc DAsensor day2/2025_08_27 0725-11B PFC+NAc DAsensor day2.mp4,33064,33064,,,,
2025_08_27 0725-11B PFC+NAc DAsensor day2,2025-08-28 22:15:16.386,,Media file,player #1:D:/2025_08_27 0725-11B PFC+NAc DAsensor day2/2025_08_27 0725-11B PFC+NAc DAsensor day2.mp4,0.0,1922.500,2636.667,30.000,No focal subject,0.0,i,Not defined,POINT,1103.667,1103.667,NA,D:/2025_08_27 0725-11B PFC+NAc DAsensor day2/2025_08_27 0725-11B PFC+NAc DAsensor day2.mp4,33110,33110,,,,
2025_08_27 0725-11B PFC+NAc DAsensor day2,2025-08-28 22:15:16.386,,Media file,player #1:D:/2025_08_27 0725-11B PFC+NAc DAsensor day2/2025_08_27 0725-11B PFC+NAc DAsensor day2.mp4,0.0,1922.500,2636.667,30.000,No focal subject,0.0,w,Not defined,POINT,1107.967,1107.967,NA,D:/2025_08_27 0725-11B PFC+NAc DAsensor day2/2025_08_27 0725-11B PFC+NAc DAsensor day2.mp4,33239,33239,,,,
2025_08_27 0725-11B PFC+NAc DAsensor day2,2025-08-28 22:15:16.386,,Media file,player #1:D:/2025_08_27 0725-11B PFC+NAc DAsensor day2/2025_08_27 0725-11B PFC+NAc DAsensor day2.mp4,0.0,1922.500,2636.667,30.000,No focal subject,0.0,c,Not defined,POINT,1118.033,1118.033,NA,D:/2025_08_27 0725-11B PFC+NAc DAsensor day2/2025_08_27 0725-11B PFC+NAc DAsensor day2.mp4,33541,33541,,,,
2025_08_27 0725-11B PFC+NAc DAsensor day2,2025-08-28 22:15:16.386,,Media file,player #1:D:/2025_08_27 0725-11B PFC+NAc DAsensor day2/2025_08_27 0725-11B PFC+NAc DAsensor day2.mp4,0.0,1922.500,2636.667,30.000,No focal subject,0.0,t,Not defined,POINT,1120.900,1120.900,NA,D:/2025_08_27 0725-11B PFC+NAc DAsensor day2/2025_08_27 0725-11B PFC+NAc DAsensor day2.mp4,33627,33627,,,,
2025_08_27 0725-11B PFC+NAc DAsensor day2,2025-08-28 22:15:16.386,,Media file,player #1:D:/2025_08_27 0725-11B PFC+NAc DAsensor day2/2025_08_27 0725-11B PFC+NAc DAsensor day2.mp4,0.0,1922.500,2636.667,30.000,No focal subject,0.0,i,Not defined,POINT,1211.067,1211.067,NA,D:/2025_08_27 0725-11B PFC+NAc DAsensor day2/2025_08_27 0725-11B PFC+NAc DAsensor day2.mp4,36332,36332,,,,
2025_08_27 0725-11B PFC+NAc DAsensor day2,2025-08-28 22:15:16.386,,Media file,player #1:D:/2025_08_27 0725-11B PFC+NAc DAsensor day2/2025_08_27 0725-11B PFC+NAc DAsensor day2.mp4,0.0,1922.500,2636.667,30.000,No focal subject,0.0,w,Not defined,POINT,1214.667,1214.667,NA,D:/2025_08_27 0725-11B PFC+NAc DAsensor day2/2025_08_27 0725-11B PFC+NAc DAsensor day2.mp4,36440,36440,,,,
2025_08_27 0725-11B PFC+NAc DAsensor day2,2025-08-28 22:15:16.386,,Media file,player #1:D:/2025_08_27 0725-11B PFC+NAc DAsensor day2/2025_08_27 0725-11B PFC+NAc DAsensor day2.mp4,0.0,1922.500,2636.667,30.000,No focal subject,0.0,c,Not defined,POINT,1220.433,1220.433,NA,D:/2025_08_27 0725-11B PFC+NAc DAsensor day2/2025_08_27 0725-11B PFC+NAc DAsensor day2.mp4,36613,36613,,,,
2025_08_27 0725-11B PFC+NAc DAsensor day2,2025-08-28 22:15:16.386,,Media file,player #1:D:/2025_08_27 0725-11B PFC+NAc DAsensor day2/2025_08_27 0725-11B PFC+NAc DAsensor day2.mp4,0.0,1922.500,2636.667,30.000,No focal subject,0.0,t,Not defined,POINT,1254.333,1254.333,NA,D:/2025_08_27 0725-11B PFC+NAc DAsensor day2/2025_08_27 0725-11B PFC+NAc DAsensor day2.mp4,37630,37630,,,,
2025_08_27 0725-11B PFC+NAc DAsensor day2,2025-08-28 22:15:16.386,,Media file,player #1:D:/2025_08_27 0725-11B PFC+NAc DAsensor day2/2025_08_27 0725-11B PFC+NAc DAsensor day2.mp4,0.0,1922.500,2636.667,30.000,No focal subject,0.0,i,Not defined,POINT,1339.167,1339.167,NA,D:/2025_08_27 0725-11B PFC+NAc DAsensor day2/2025_08_27 0725-11B PFC+NAc DAsensor day2.mp4,40175,40175,,,,
2025_08_27 0725-11B PFC+NAc DAsensor day2,2025-08-28 22:15:16.386,,Media file,player #1:D:/2025_08_27 0725-11B PFC+NAc DAsensor day2/2025_08_27 0725-11B PFC+NAc DAsensor day2.mp4,0.0,1922.500,2636.667,30.000,No focal subject,0.0,w,Not defined,POINT,1340.133,1340.133,NA,D:/2025_08_27 0725-11B PFC+NAc DAsensor day2/2025_08_27 0725-11B PFC+NAc DAsensor day2.mp4,40204,40204,,,,
2025_08_27 0725-11B PFC+NAc DAsensor day2,2025-08-28 22:15:16.386,,Media file,player #1:D:/2025_08_27 0725-11B PFC+NAc DAsensor day2/2025_08_27 0725-11B PFC+NAc DAsensor day2.mp4,0.0,1922.500,2636.667,30.000,No focal subject,0.0,c,Not defined,POINT,1346.467,1346.467,NA,D:/2025_08_27 0725-11B PFC+NAc DAsensor day2/2025_08_27 0725-11B PFC+NAc DAsensor day2.mp4,40394,40394,,,,
2025_08_27 0725-11B PFC+NAc DAsensor day2,2025-08-28 22:15:16.386,,Media file,player #1:D:/2025_08_27 0725-11B PFC+NAc DAsensor day2/2025_08_27 0725-11B PFC+NAc DAsensor day2.mp4,0.0,1922.500,2636.667,30.000,No focal subject,0.0,t,Not defined,POINT,1349.133,1349.133,NA,D:/2025_08_27 0725-11B PFC+NAc DAsensor day2/2025_08_27 0725-11B PFC+NAc DAsensor day2.mp4,40474,40474,,,,
2025_08_27 0725-11B PFC+NAc DAsensor day2,2025-08-28 22:15:16.386,,Media file,player #1:D:/2025_08_27 0725-11B PFC+NAc DAsensor day2/2025_08_27 0725-11B PFC+NAc DAsensor day2.mp4,0.0,1922.500,2636.667,30.000,No focal subject,0.0,q,Not defined,POINT,1362.733,1362.733,NA,D:/2025_08_27 0725-11B PFC+NAc DAsensor day2/2025_08_27 0725-11B PFC+NAc DAsensor day2.mp4,40882,40882,,,,
2025_08_27 0725-11B PFC+NAc DAsensor day2,2025-08-28 22:15:16.386,,Media file,player #1:D:/2025_08_27 0725-11B PFC+NAc DAsensor day2/2025_08_27 0725-11B PFC+NAc DAsensor day2.mp4,0.0,1922.500,2636.667,30.000,No focal subject,0.0,g,Not defined,POINT,1363.867,1363.867,NA,D:/2025_08_27 0725-11B PFC+NAc DAsensor day2/2025_08_27 0725-11B PFC+NAc DAsensor day2.mp4,40916,40916,,,,
2025_08_27 0725-11B PFC+NAc DAsensor day2,2025-08-28 22:15:16.386,,Media file,player #1:D:/2025_08_27 0725-11B PFC+NAc DAsensor day2/2025_08_27 0725-11B PFC+NAc DAsensor day2.mp4,0.0,1922.500,2636.667,30.000,No focal subject,0.0,v,Not defined,POINT,1368.733,1368.733,NA,D:/2025_08_27 0725-11B PFC+NAc DAsensor day2/2025_08_27 0725-11B PFC+NAc DAsensor day2.mp4,41062,41062,,,,
2025_08_27 0725-11B PFC+NAc DAsensor day2,2025-08-28 22:15:16.386,,Media file,player #1:D:/2025_08_27 0725-11B PFC+NAc DAsensor day2/2025_08_27 0725-11B PFC+NAc DAsensor day2.mp4,0.0,1922.500,2636.667,30.000,No focal subject,0.0,t,Not defined,POINT,1387.033,1387.033,NA,D:/2025_08_27 0725-11B PFC+NAc DAsensor day2/2025_08_27 0725-11B PFC+NAc DAsensor day2.mp4,41611,41611,,,,
2025_08_27 0725-11B PFC+NAc DAsensor day2,2025-08-28 22:15:16.386,,Media file,player #1:D:/2025_08_27 0725-11B PFC+NAc DAsensor day2/2025_08_27 0725-11B PFC+NAc DAsensor day2.mp4,0.0,1922.500,2636.667,30.000,No focal subject,0.0,i,Not defined,POINT,1498.967,1498.967,NA,D:/2025_08_27 0725-11B PFC+NAc DAsensor day2/2025_08_27 0725-11B PFC+NAc DAsensor day2.mp4,44969,44969,,,,
2025_08_27 0725-11B PFC+NAc DAsensor day2,2025-08-28 22:15:16.386,,Media file,player #1:D:/2025_08_27 0725-11B PFC+NAc DAsensor day2/2025_08_27 0725-11B PFC+NAc DAsensor day2.mp4,0.0,1922.500,2636.667,30.000,No focal subject,0.0,w,Not defined,POINT,1507.133,1507.133,NA,D:/2025_08_27 0725-11B PFC+NAc DAsensor day2/2025_08_27 0725-11B PFC+NAc DAsensor day2.mp4,45214,45214,,,,
2025_08_27 0725-11B PFC+NAc DAsensor day2,2025-08-28 22:15:16.386,,Media file,player #1:D:/2025_08_27 0725-11B PFC+NAc DAsensor day2/2025_08_27 0725-11B PFC+NAc DAsensor day2.mp4,0.0,1922.500,2636.667,30.000,No focal subject,0.0,c,Not defined,POINT,1512.167,1512.167,NA,D:/2025_08_27 0725-11B PFC+NAc DAsensor day2/2025_08_27 0725-11B PFC+NAc DAsensor day2.mp4,45365,45365,,,,
2025_08_27 0725-11B PFC+NAc DAsensor day2,2025-08-28 22:15:16.386,,Media file,player #1:D:/2025_08_27 0725-11B PFC+NAc DAsensor day2/2025_08_27 0725-11B PFC+NAc DAsensor day2.mp4,0.0,1922.500,2636.667,30.000,No focal subject,0.0,t,Not defined,POINT,1524.300,1524.300,NA,D:/2025_08_27 0725-11B PFC+NAc DAsensor day2/2025_08_27 0725-11B PFC+NAc DAsensor day2.mp4,45729,45729,,,,
2025_08_27 0725-11B PFC+NAc DAsensor day2,2025-08-28 22:15:16.386,,Media file,player #1:D:/2025_08_27 0725-11B PFC+NAc DAsensor day2/2025_08_27 0725-11B PFC+NAc DAsensor day2.mp4,0.0,1922.500,2636.667,30.000,No focal subject,0.0,i,Not defined,POINT,1582.967,1582.967,NA,D:/2025_08_27 0725-11B PFC+NAc DAsensor day2/2025_08_27 0725-11B PFC+NAc DAsensor day2.mp4,47489,47489,,,,
2025_08_27 0725-11B PFC+NAc DAsensor day2,2025-08-28 22:15:16.386,,Media file,player #1:D:/2025_08_27 0725-11B PFC+NAc DAsensor day2/2025_08_27 0725-11B PFC+NAc DAsensor day2.mp4,0.0,1922.500,2636.667,30.000,No focal subject,0.0,w,Not defined,POINT,1587.033,1587.033,NA,D:/2025_08_27 0725-11B PFC+NAc DAsensor day2/2025_08_27 0725-11B PFC+NAc DAsensor day2.mp4,47611,47611,,,,
2025_08_27 0725-11B PFC+NAc DAsensor day2,2025-08-28 22:15:16.386,,Media file,player #1:D:/2025_08_27 0725-11B PFC+NAc DAsensor day2/2025_08_27 0725-11B PFC+NAc DAsensor day2.mp4,0.0,1922.500,2636.667,30.000,No focal subject,0.0,c,Not defined,POINT,1597.533,1597.533,NA,D:/2025_08_27 0725-11B PFC+NAc DAsensor day2/2025_08_27 0725-11B PFC+NAc DAsensor day2.mp4,47926,47926,,,,
2025_08_27 0725-11B PFC+NAc DAsensor day2,2025-08-28 22:15:16.386,,Media file,player #1:D:/2025_08_27 0725-11B PFC+NAc DAsensor day2/2025_08_27 0725-11B PFC+NAc DAsensor day2.mp4,0.0,1922.500,2636.667,30.000,No focal subject,0.0,t,Not defined,POINT,1622.467,1622.467,NA,D:/2025_08_27 0725-11B PFC+NAc DAsensor day2/2025_08_27 0725-11B PFC+NAc DAsensor day2.mp4,48674,48674,,,,
2025_08_27 0725-11B PFC+NAc DAsensor day2,2025-08-28 22:15:16.386,,Media file,player #1:D:/2025_08_27 0725-11B PFC+NAc DAsensor day2/2025_08_27 0725-11B PFC+NAc DAsensor day2.mp4,0.0,1922.500,2636.667,30.000,No focal subject,0.0,q,Not defined,POINT,1665.567,1665.567,NA,D:/2025_08_27 0725-11B PFC+NAc DAsensor day2/2025_08_27 0725-11B PFC+NAc DAsensor day2.mp4,49967,49967,,,,
2025_08_27 0725-11B PFC+NAc DAsensor day2,2025-08-28 22:15:16.386,,Media file,player #1:D:/2025_08_27 0725-11B PFC+NAc DAsensor day2/2025_08_27 0725-11B PFC+NAc DAsensor day2.mp4,0.0,1922.500,2636.667,30.000,No focal subject,0.0,g,Not defined,POINT,1667.900,1667.900,NA,D:/2025_08_27 0725-11B PFC+NAc DAsensor day2/2025_08_27 0725-11B PFC+NAc DAsensor day2.mp4,50037,50037,,,,
2025_08_27 0725-11B PFC+NAc DAsensor day2,2025-08-28 22:15:16.386,,Media file,player #1:D:/2025_08_27 0725-11B PFC+NAc DAsensor day2/2025_08_27 0725-11B PFC+NAc DAsensor day2.mp4,0.0,1922.500,2636.667,30.000,No focal subject,0.0,v,Not defined,POINT,1670.167,1670.167,NA,D:/2025_08_27 0725-11B PFC+NAc DAsensor day2/2025_08_27 0725-11B PFC+NAc DAsensor day2.mp4,50105,50105,,,,
2025_08_27 0725-11B PFC+NAc DAsensor day2,2025-08-28 22:15:16.386,,Media file,player #1:D:/2025_08_27 0725-11B PFC+NAc DAsensor day2/2025_08_27 0725-11B PFC+NAc DAsensor day2.mp4,0.0,1922.500,2636.667,30.000,No focal subject,0.0,t,Not defined,POINT,1697.400,1697.400,NA,D:/2025_08_27 0725-11B PFC+NAc DAsensor day2/2025_08_27 0725-11B PFC+NAc DAsensor day2.mp4,50922,50922,,,,
2025_08_27 0725-11B PFC+NAc DAsensor day2,2025-08-28 22:15:16.386,,Media file,player #1:D:/2025_08_27 0725-11B PFC+NAc DAsensor day2/2025_08_27 0725-11B PFC+NAc DAsensor day2.mp4,0.0,1922.500,2636.667,30.000,No focal subject,0.0,q,Not defined,POINT,1755.200,1755.200,NA,D:/2025_08_27 0725-11B PFC+NAc DAsensor day2/2025_08_27 0725-11B PFC+NAc DAsensor day2.mp4,52656,52656,,,,
2025_08_27 0725-11B PFC+NAc DAsensor day2,2025-08-28 22:15:16.386,,Media file,player #1:D:/2025_08_27 0725-11B PFC+NAc DAsensor day2/2025_08_27 0725-11B PFC+NAc DAsensor day2.mp4,0.0,1922.500,2636.667,30.000,No focal subject,0.0,g,Not defined,POINT,1756.800,1756.800,NA,D:/2025_08_27 0725-11B PFC+NAc DAsensor day2/2025_08_27 0725-11B PFC+NAc DAsensor day2.mp4,52704,52704,,,,
2025_08_27 0725-11B PFC+NAc DAsensor day2,2025-08-28 22:15:16.386,,Media file,player #1:D:/2025_08_27 0725-11B PFC+NAc DAsensor day2/2025_08_27 0725-11B PFC+NAc DAsensor day2.mp4,0.0,1922.500,2636.667,30.000,No focal subject,0.0,v,Not defined,POINT,1759.567,1759.567,NA,D:/2025_08_27 0725-11B PFC+NAc DAsensor day2/2025_08_27 0725-11B PFC+NAc DAsensor day2.mp4,52787,52787,,,,
2025_08_27 0725-11B PFC+NAc DAsensor day2,2025-08-28 22:15:16.386,,Media file,player #1:D:/2025_08_27 0725-11B PFC+NAc DAsensor day2/2025_08_27 0725-11B PFC+NAc DAsensor day2.mp4,0.0,1922.500,2636.667,30.000,No focal subject,0.0,t,Not defined,POINT,1775.000,1775.000,NA,D:/2025_08_27 0725-11B PFC+NAc DAsensor day2/2025_08_27 0725-11B PFC+NAc DAsensor day2.mp4,53250,53250,,,,
2025_08_27 0725-11B PFC+NAc DAsensor day2,2025-08-28 22:15:16.386,,Media file,player #1:D:/2025_08_27 0725-11B PFC+NAc DAsensor day2/2025_08_27 0725-11B PFC+NAc DAsensor day2.mp4,0.0,1922.500,2636.667,30.000,No focal subject,0.0,i,Not defined,POINT,1858.967,1858.967,NA,D:/2025_08_27 0725-11B PFC+NAc DAsensor day2/2025_08_27 0725-11B PFC+NAc DAsensor day2.mp4,55769,55769,,,,
2025_08_27 0725-11B PFC+NAc DAsensor day2,2025-08-28 22:15:16.386,,Media file,player #1:D:/2025_08_27 0725-11B PFC+NAc DAsensor day2/2025_08_27 0725-11B PFC+NAc DAsensor day2.mp4,0.0,1922.500,2636.667,30.000,No focal subject,0.0,w,Not defined,POINT,1865.467,1865.467,NA,D:/2025_08_27 0725-11B PFC+NAc DAsensor day2/2025_08_27 0725-11B PFC+NAc DAsensor day2.mp4,55964,55964,,,,
2025_08_27 0725-11B PFC+NAc DAsensor day2,2025-08-28 22:15:16.386,,Media file,player #1:D:/2025_08_27 0725-11B PFC+NAc DAsensor day2/2025_08_27 0725-11B PFC+NAc DAsensor day2.mp4,0.0,1922.500,2636.667,30.000,No focal subject,0.0,c,Not defined,POINT,1889.300,1889.300,NA,D:/2025_08_27 0725-11B PFC+NAc DAsensor day2/2025_08_27 0725-11B PFC+NAc DAsensor day2.mp4,56679,56679,,,,
2025_08_27 0725-11B PFC+NAc DAsensor day2,2025-08-28 22:15:16.386,,Media file,player #1:D:/2025_08_27 0725-11B PFC+NAc DAsensor day2/2025_08_27 0725-11B PFC+NAc DAsensor day2.mp4,0.0,1922.500,2636.667,30.000,No focal subject,0.0,t,Not defined,POINT,1898.200,1898.200,NA,D:/2025_08_27 0725-11B PFC+NAc DAsensor day2/2025_08_27 0725-11B PFC+NAc DAsensor day2.mp4,56946,56946,,,,
2025_08_27 0725-11B PFC+NAc DAsensor day2,2025-08-28 22:15:16.386,,Media file,player #1:D:/2025_08_27 0725-11B PFC+NAc DAsensor day2/2025_08_27 0725-11B PFC+NAc DAsensor day2.mp4,0.0,1922.500,2636.667,30.000,No focal subject,0.0,q,Not defined,POINT,1960.033,1960.033,NA,D:/2025_08_27 0725-11B PFC+NAc DAsensor day2/2025_08_27 0725-11B PFC+NAc DAsensor day2.mp4,58801,58801,,,,
2025_08_27 0725-11B PFC+NAc DAsensor day2,2025-08-28 22:15:16.386,,Media file,player #1:D:/2025_08_27 0725-11B PFC+NAc DAsensor day2/2025_08_27 0725-11B PFC+NAc DAsensor day2.mp4,0.0,1922.500,2636.667,30.000,No focal subject,0.0,g,Not defined,POINT,1961.933,1961.933,NA,D:/2025_08_27 0725-11B PFC+NAc DAsensor day2/2025_08_27 0725-11B PFC+NAc DAsensor day2.mp4,58858,58858,,,,
2025_08_27 0725-11B PFC+NAc DAsensor day2,2025-08-28 22:15:16.386,,Media file,player #1:D:/2025_08_27 0725-11B PFC+NAc DAsensor day2/2025_08_27 0725-11B PFC+NAc DAsensor day2.mp4,0.0,1922.500,2636.667,30.000,No focal subject,0.0,v,Not defined,POINT,1964.933,1964.933,NA,D:/2025_08_27 0725-11B PFC+NAc DAsensor day2/2025_08_27 0725-11B PFC+NAc DAsensor day2.mp4,58948,58948,,,,
2025_08_27 0725-11B PFC+NAc DAsensor day2,2025-08-28 22:15:16.386,,Media file,player #1:D:/2025_08_27 0725-11B PFC+NAc DAsensor day2/2025_08_27 0725-11B PFC+NAc DAsensor day2.mp4,0.0,1922.500,2636.667,30.000,No focal subject,0.0,t,Not defined,POINT,1976.000,1976.000,NA,D:/2025_08_27 0725-11B PFC+NAc DAsensor day2/2025_08_27 0725-11B PFC+NAc DAsensor day2.mp4,59280,59280,,,,
2025_08_27 0725-11B PFC+NAc DAsensor day2,2025-08-28 22:15:16.386,,Media file,player #1:D:/2025_08_27 0725-11B PFC+NAc DAsensor day2/2025_08_27 0725-11B PFC+NAc DAsensor day2.mp4,0.0,1922.500,2636.667,30.000,No focal subject,0.0,i,Not defined,POINT,2000.833,2000.833,NA,D:/2025_08_27 0725-11B PFC+NAc DAsensor day2/2025_08_27 0725-11B PFC+NAc DAsensor day2.mp4,60025,60025,,,,
2025_08_27 0725-11B PFC+NAc DAsensor day2,2025-08-28 22:15:16.386,,Media file,player #1:D:/2025_08_27 0725-11B PFC+NAc DAsensor day2/2025_08_27 0725-11B PFC+NAc DAsensor day2.mp4,0.0,1922.500,2636.667,30.000,No focal subject,0.0,w,Not defined,POINT,2009.733,2009.733,NA,D:/2025_08_27 0725-11B PFC+NAc DAsensor day2/2025_08_27 0725-11B PFC+NAc DAsensor day2.mp4,60292,60292,,,,
2025_08_27 0725-11B PFC+NAc DAsensor day2,2025-08-28 22:15:16.386,,Media file,player #1:D:/2025_08_27 0725-11B PFC+NAc DAsensor day2/2025_08_27 0725-11B PFC+NAc DAsensor day2.mp4,0.0,1922.500,2636.667,30.000,No focal subject,0.0,c,Not defined,POINT,2017.233,2017.233,NA,D:/2025_08_27 0725-11B PFC+NAc DAsensor day2/2025_08_27 0725-11B PFC+NAc DAsensor day2.mp4,60517,60517,,,,
2025_08_27 0725-11B PFC+NAc DAsensor day2,2025-08-28 22:15:16.386,,Media file,player #1:D:/2025_08_27 0725-11B PFC+NAc DAsensor day2/2025_08_27 0725-11B PFC+NAc DAsensor day2.mp4,0.0,1922.500,2636.667,30.000,No focal subject,0.0,t,Not defined,POINT,2029.867,2029.867,NA,D:/2025_08_27 0725-11B PFC+NAc DAsensor day2/2025_08_27 0725-11B PFC+NAc DAsensor day2.mp4,60896,60896,,,,
2025_08_27 0725-11B PFC+NAc DAsensor day2,2025-08-28 22:15:16.386,,Media file,player #1:D:/2025_08_27 0725-11B PFC+NAc DAsensor day2/2025_08_27 0725-11B PFC+NAc DAsensor day2.mp4,0.0,1922.500,2636.667,30.000,No focal subject,0.0,i,Not defined,POINT,2056.100,2056.100,NA,D:/2025_08_27 0725-11B PFC+NAc DAsensor day2/2025_08_27 0725-11B PFC+NAc DAsensor day2.mp4,61683,61683,,,,
2025_08_27 0725-11B PFC+NAc DAsensor day2,2025-08-28 22:15:16.386,,Media file,player #1:D:/2025_08_27 0725-11B PFC+NAc DAsensor day2/2025_08_27 0725-11B PFC+NAc DAsensor day2.mp4,0.0,1922.500,2636.667,30.000,No focal subject,0.0,w,Not defined,POINT,2057.567,2057.567,NA,D:/2025_08_27 0725-11B PFC+NAc DAsensor day2/2025_08_27 0725-11B PFC+NAc DAsensor day2.mp4,61727,61727,,,,
2025_08_27 0725-11B PFC+NAc DAsensor day2,2025-08-28 22:15:16.386,,Media file,player #1:D:/2025_08_27 0725-11B PFC+NAc DAsensor day2/2025_08_27 0725-11B PFC+NAc DAsensor day2.mp4,0.0,1922.500,2636.667,30.000,No focal subject,0.0,c,Not defined,POINT,2068.167,2068.167,NA,D:/2025_08_27 0725-11B PFC+NAc DAsensor day2/2025_08_27 0725-11B PFC+NAc DAsensor day2.mp4,62045,62045,,,,
2025_08_27 0725-11B PFC+NAc DAsensor day2,2025-08-28 22:15:16.386,,Media file,player #1:D:/2025_08_27 0725-11B PFC+NAc DAsensor day2/2025_08_27 0725-11B PFC+NAc DAsensor day2.mp4,0.0,1922.500,2636.667,30.000,No focal subject,0.0,t,Not defined,POINT,2086.200,2086.200,NA,D:/2025_08_27 0725-11B PFC+NAc DAsensor day2/2025_08_27 0725-11B PFC+NAc DAsensor day2.mp4,62586,62586,,,,
2025_08_27 0725-11B PFC+NAc DAsensor day2,2025-08-28 22:15:16.386,,Media file,player #1:D:/2025_08_27 0725-11B PFC+NAc DAsensor day2/2025_08_27 0725-11B PFC+NAc DAsensor day2.mp4,0.0,1922.500,2636.667,30.000,No focal subject,0.0,i,Not defined,POINT,2149.667,2149.667,NA,D:/2025_08_27 0725-11B PFC+NAc DAsensor day2/2025_08_27 0725-11B PFC+NAc DAsensor day2.mp4,64490,64490,,,,
2025_08_27 0725-11B PFC+NAc DAsensor day2,2025-08-28 22:15:16.386,,Media file,player #1:D:/2025_08_27 0725-11B PFC+NAc DAsensor day2/2025_08_27 0725-11B PFC+NAc DAsensor day2.mp4,0.0,1922.500,2636.667,30.000,No focal subject,0.0,w,Not defined,POINT,2150.933,2150.933,NA,D:/2025_08_27 0725-11B PFC+NAc DAsensor day2/2025_08_27 0725-11B PFC+NAc DAsensor day2.mp4,64528,64528,,,,
2025_08_27 0725-11B PFC+NAc DAsensor day2,2025-08-28 22:15:16.386,,Media file,player #1:D:/2025_08_27 0725-11B PFC+NAc DAsensor day2/2025_08_27 0725-11B PFC+NAc DAsensor day2.mp4,0.0,1922.500,2636.667,30.000,No focal subject,0.0,c,Not defined,POINT,2156.900,2156.900,NA,D:/2025_08_27 0725-11B PFC+NAc DAsensor day2/2025_08_27 0725-11B PFC+NAc DAsensor day2.mp4,64707,64707,,,,
2025_08_27 0725-11B PFC+NAc DAsensor day2,2025-08-28 22:15:16.386,,Media file,player #1:D:/2025_08_27 0725-11B PFC+NAc DAsensor day2/2025_08_27 0725-11B PFC+NAc DAsensor day2.mp4,0.0,1922.500,2636.667,30.000,No focal subject,0.0,t,Not defined,POINT,2176.367,2176.367,NA,D:/2025_08_27 0725-11B PFC+NAc DAsensor day2/2025_08_27 0725-11B PFC+NAc DAsensor day2.mp4,65291,65291,,,,
2025_08_27 0725-11B PFC+NAc DAsensor day2,2025-08-28 22:15:16.386,,Media file,player #1:D:/2025_08_27 0725-11B PFC+NAc DAsensor day2/2025_08_27 0725-11B PFC+NAc DAsensor day2.mp4,0.0,1922.500,2636.667,30.000,No focal subject,0.0,i,Not defined,POINT,2298.200,2298.200,NA,D:/2025_08_27 0725-11B PFC+NAc DAsensor day2/2025_08_27 0725-11B PFC+NAc DAsensor day2.mp4,68946,68946,,,,
2025_08_27 0725-11B PFC+NAc DAsensor day2,2025-08-28 22:15:16.386,,Media file,player #1:D:/2025_08_27 0725-11B PFC+NAc DAsensor day2/2025_08_27 0725-11B PFC+NAc DAsensor day2.mp4,0.0,1922.500,2636.667,30.000,No focal subject,0.0,w,Not defined,POINT,2302.433,2302.433,NA,D:/2025_08_27 0725-11B PFC+NAc DAsensor day2/2025_08_27 0725-11B PFC+NAc DAsensor day2.mp4,69073,69073,,,,
2025_08_27 0725-11B PFC+NAc DAsensor day2,2025-08-28 22:15:16.386,,Media file,player #1:D:/2025_08_27 0725-11B PFC+NAc DAsensor day2/2025_08_27 0725-11B PFC+NAc DAsensor day2.mp4,0.0,1922.500,2636.667,30.000,No focal subject,0.0,c,Not defined,POINT,2311.900,2311.900,NA,D:/2025_08_27 0725-11B PFC+NAc DAsensor day2/2025_08_27 0725-11B PFC+NAc DAsensor day2.mp4,69357,69357,,,,
2025_08_27 0725-11B PFC+NAc DAsensor day2,2025-08-28 22:15:16.386,,Media file,player #1:D:/2025_08_27 0725-11B PFC+NAc DAsensor day2/2025_08_27 0725-11B PFC+NAc DAsensor day2.mp4,0.0,1922.500,2636.667,30.000,No focal subject,0.0,t,Not defined,POINT,2321.967,2321.967,NA,D:/2025_08_27 0725-11B PFC+NAc DAsensor day2/2025_08_27 0725-11B PFC+NAc DAsensor day2.mp4,69659,69659,,,,
2025_08_27 0725-11B PFC+NAc DAsensor day2,2025-08-28 22:15:16.386,,Media file,player #1:D:/2025_08_27 0725-11B PFC+NAc DAsensor day2/2025_08_27 0725-11B PFC+NAc DAsensor day2.mp4,0.0,1922.500,2636.667,30.000,No focal subject,0.0,q,Not defined,POINT,2336.167,2336.167,NA,D:/2025_08_27 0725-11B PFC+NAc DAsensor day2/2025_08_27 0725-11B PFC+NAc DAsensor day2.mp4,70085,70085,,,,
2025_08_27 0725-11B PFC+NAc DAsensor day2,2025-08-28 22:15:16.386,,Media file,player #1:D:/2025_08_27 0725-11B PFC+NAc DAsensor day2/2025_08_27 0725-11B PFC+NAc DAsensor day2.mp4,0.0,1922.500,2636.667,30.000,No focal subject,0.0,g,Not defined,POINT,2338.067,2338.067,NA,D:/2025_08_27 0725-11B PFC+NAc DAsensor day2/2025_08_27 0725-11B PFC+NAc DAsensor day2.mp4,70142,70142,,,,
2025_08_27 0725-11B PFC+NAc DAsensor day2,2025-08-28 22:15:16.386,,Media file,player #1:D:/2025_08_27 0725-11B PFC+NAc DAsensor day2/2025_08_27 0725-11B PFC+NAc DAsensor day2.mp4,0.0,1922.500,2636.667,30.000,No focal subject,0.0,v,Not defined,POINT,2340.067,2340.067,NA,D:/2025_08_27 0725-11B PFC+NAc DAsensor day2/2025_08_27 0725-11B PFC+NAc DAsensor day2.mp4,70202,70202,,,,
2025_08_27 0725-11B PFC+NAc DAsensor day2,2025-08-28 22:15:16.386,,Media file,player #1:D:/2025_08_27 0725-11B PFC+NAc DAsensor day2/2025_08_27 0725-11B PFC+NAc DAsensor day2.mp4,0.0,1922.500,2636.667,30.000,No focal subject,0.0,t,Not defined,POINT,2355.867,2355.867,NA,D:/2025_08_27 0725-11B PFC+NAc DAsensor day2/2025_08_27 0725-11B PFC+NAc DAsensor day2.mp4,70676,70676,,,,
2025_08_27 0725-11B PFC+NAc DAsensor day2,2025-08-28 22:15:16.386,,Media file,player #1:D:/2025_08_27 0725-11B PFC+NAc DAsensor day2/2025_08_27 0725-11B PFC+NAc DAsensor day2.mp4,0.0,1922.500,2636.667,30.000,No focal subject,0.0,i,Not defined,POINT,2368.100,2368.100,NA,D:/2025_08_27 0725-11B PFC+NAc DAsensor day2/2025_08_27 0725-11B PFC+NAc DAsensor day2.mp4,71043,71043,,,,
2025_08_27 0725-11B PFC+NAc DAsensor day2,2025-08-28 22:15:16.386,,Media file,player #1:D:/2025_08_27 0725-11B PFC+NAc DAsensor day2/2025_08_27 0725-11B PFC+NAc DAsensor day2.mp4,0.0,1922.500,2636.667,30.000,No focal subject,0.0,w,Not defined,POINT,2369.533,2369.533,NA,D:/2025_08_27 0725-11B PFC+NAc DAsensor day2/2025_08_27 0725-11B PFC+NAc DAsensor day2.mp4,71086,71086,,,,
2025_08_27 0725-11B PFC+NAc DAsensor day2,2025-08-28 22:15:16.386,,Media file,player #1:D:/2025_08_27 0725-11B PFC+NAc DAsensor day2/2025_08_27 0725-11B PFC+NAc DAsensor day2.mp4,0.0,1922.500,2636.667,30.000,No focal subject,0.0,c,Not defined,POINT,2379.100,2379.100,NA,D:/2025_08_27 0725-11B PFC+NAc DAsensor day2/2025_08_27 0725-11B PFC+NAc DAsensor day2.mp4,71373,71373,,,,
2025_08_27 0725-11B PFC+NAc DAsensor day2,2025-08-28 22:15:16.386,,Media file,player #1:D:/2025_08_27 0725-11B PFC+NAc DAsensor day2/2025_08_27 0725-11B PFC+NAc DAsensor day2.mp4,0.0,1922.500,2636.667,30.000,No focal subject,0.0,t,Not defined,POINT,2387.833,2387.833,NA,D:/2025_08_27 0725-11B PFC+NAc DAsensor day2/2025_08_27 0725-11B PFC+NAc DAsensor day2.mp4,71635,71635,,,,
2025_08_27 0725-11B PFC+NAc DAsensor day2,2025-08-28 22:15:16.386,,Media file,player #1:D:/2025_08_27 0725-11B PFC+NAc DAsensor day2/2025_08_27 0725-11B PFC+NAc DAsensor day2.mp4,0.0,1922.500,2636.667,30.000,No focal subject,0.0,i,Not defined,POINT,2430.967,2430.967,NA,D:/2025_08_27 0725-11B PFC+NAc DAsensor day2/2025_08_27 0725-11B PFC+NAc DAsensor day2.mp4,72929,72929,,,,
2025_08_27 0725-11B PFC+NAc DAsensor day2,2025-08-28 22:15:16.386,,Media file,player #1:D:/2025_08_27 0725-11B PFC+NAc DAsensor day2/2025_08_27 0725-11B PFC+NAc DAsensor day2.mp4,0.0,1922.500,2636.667,30.000,No focal subject,0.0,w,Not defined,POINT,2432.133,2432.133,NA,D:/2025_08_27 0725-11B PFC+NAc DAsensor day2/2025_08_27 0725-11B PFC+NAc DAsensor day2.mp4,72964,72964,,,,
2025_08_27 0725-11B PFC+NAc DAsensor day2,2025-08-28 22:15:16.386,,Media file,player #1:D:/2025_08_27 0725-11B PFC+NAc DAsensor day2/2025_08_27 0725-11B PFC+NAc DAsensor day2.mp4,0.0,1922.500,2636.667,30.000,No focal subject,0.0,c,Not defined,POINT,2444.267,2444.267,NA,D:/2025_08_27 0725-11B PFC+NAc DAsensor day2/2025_08_27 0725-11B PFC+NAc DAsensor day2.mp4,73328,73328,,,,
2025_08_27 0725-11B PFC+NAc DAsensor day2,2025-08-28 22:15:16.386,,Media file,player #1:D:/2025_08_27 0725-11B PFC+NAc DAsensor day2/2025_08_27 0725-11B PFC+NAc DAsensor day2.mp4,0.0,1922.500,2636.667,30.000,No focal subject,0.0,t,Not defined,POINT,2454.967,2454.967,NA,D:/2025_08_27 0725-11B PFC+NAc DAsensor day2/2025_08_27 0725-11B PFC+NAc DAsensor day2.mp4,73649,73649,,,,
2025_08_27 0725-11B PFC+NAc DAsensor day2,2025-08-28 22:15:16.386,,Media file,player #1:D:/2025_08_27 0725-11B PFC+NAc DAsensor day2/2025_08_27 0725-11B PFC+NAc DAsensor day2.mp4,0.0,1922.500,2636.667,30.000,No focal subject,0.0,i,Not defined,POINT,2459.300,2459.300,NA,D:/2025_08_27 0725-11B PFC+NAc DAsensor day2/2025_08_27 0725-11B PFC+NAc DAsensor day2.mp4,73779,73779,,,,
2025_08_27 0725-11B PFC+NAc DAsensor day2,2025-08-28 22:15:16.386,,Media file,player #1:D:/2025_08_27 0725-11B PFC+NAc DAsensor day2/2025_08_27 0725-11B PFC+NAc DAsensor day2.mp4,0.0,1922.500,2636.667,30.000,No focal subject,0.0,w,Not defined,POINT,2464.067,2464.067,NA,D:/2025_08_27 0725-11B PFC+NAc DAsensor day2/2025_08_27 0725-11B PFC+NAc DAsensor day2.mp4,73922,73922,,,,
2025_08_27 0725-11B PFC+NAc DAsensor day2,2025-08-28 22:15:16.386,,Media file,player #1:D:/2025_08_27 0725-11B PFC+NAc DAsensor day2/2025_08_27 0725-11B PFC+NAc DAsensor day2.mp4,0.0,1922.500,2636.667,30.000,No focal subject,0.0,c,Not defined,POINT,2481.467,2481.467,NA,D:/2025_08_27 0725-11B PFC+NAc DAsensor day2/2025_08_27 0725-11B PFC+NAc DAsensor day2.mp4,74444,74444,,,,
2025_08_27 0725-11B PFC+NAc DAsensor day2,2025-08-28 22:15:16.386,,Media file,player #1:D:/2025_08_27 0725-11B PFC+NAc DAsensor day2/2025_08_27 0725-11B PFC+NAc DAsensor day2.mp4,0.0,1922.500,2636.667,30.000,No focal subject,0.0,t,Not defined,POINT,2486.600,2486.600,NA,D:/2025_08_27 0725-11B PFC+NAc DAsensor day2/2025_08_27 0725-11B PFC+NAc DAsensor day2.mp4,74598,74598,,,,
2025_08_27 0725-11B PFC+NAc DAsensor day2,2025-08-28 22:15:16.386,,Media file,player #1:D:/2025_08_27 0725-11B PFC+NAc DAsensor day2/2025_08_27 0725-11B PFC+NAc DAsensor day2.mp4,0.0,1922.500,2636.667,30.000,No focal subject,0.0,i,Not defined,POINT,2522.467,2522.467,NA,D:/2025_08_27 0725-11B PFC+NAc DAsensor day2/2025_08_27 0725-11B PFC+NAc DAsensor day2.mp4,75674,75674,,,,
2025_08_27 0725-11B PFC+NAc DAsensor day2,2025-08-28 22:15:16.386,,Media file,player #1:D:/2025_08_27 0725-11B PFC+NAc DAsensor day2/2025_08_27 0725-11B PFC+NAc DAsensor day2.mp4,0.0,1922.500,2636.667,30.000,No focal subject,0.0,w,Not defined,POINT,2523.967,2523.967,NA,D:/2025_08_27 0725-11B PFC+NAc DAsensor day2/2025_08_27 0725-11B PFC+NAc DAsensor day2.mp4,75718,75718,,,,
2025_08_27 0725-11B PFC+NAc DAsensor day2,2025-08-28 22:15:16.386,,Media file,player #1:D:/2025_08_27 0725-11B PFC+NAc DAsensor day2/2025_08_27 0725-11B PFC+NAc DAsensor day2.mp4,0.0,1922.500,2636.667,30.000,No focal subject,0.0,c,Not defined,POINT,2536.067,2536.067,NA,D:/2025_08_27 0725-11B PFC+NAc DAsensor day2/2025_08_27 0725-11B PFC+NAc DAsensor day2.mp4,76082,76082,,,,
2025_08_27 0725-11B PFC+NAc DAsensor day2,2025-08-28 22:15:16.386,,Media file,player #1:D:/2025_08_27 0725-11B PFC+NAc DAsensor day2/2025_08_27 0725-11B PFC+NAc DAsensor day2.mp4,0.0,1922.500,2636.667,30.000,No focal subject,0.0,t,Not defined,POINT,2544.667,2544.667,NA,D:/2025_08_27 0725-11B PFC+NAc DAsensor day2/2025_08_27 0725-11B PFC+NAc DAsensor day2.mp4,76340,76340,,,,
2025_08_27 0725-11B PFC+NAc DAsensor day2,2025-08-28 22:15:16.386,,Media file,player #1:D:/2025_08_27 0725-11B PFC+NAc DAsensor day2/2025_08_27 0725-11B PFC+NAc DAsensor day2.mp4,0.0,1922.500,2636.667,30.000,No focal subject,0.0,i,Not defined,POINT,2575.000,2575.000,NA,D:/2025_08_27 0725-11B PFC+NAc DAsensor day2/2025_08_27 0725-11B PFC+NAc DAsensor day2.mp4,77250,77250,,,,
2025_08_27 0725-11B PFC+NAc DAsensor day2,2025-08-28 22:15:16.386,,Media file,player #1:D:/2025_08_27 0725-11B PFC+NAc DAsensor day2/2025_08_27 0725-11B PFC+NAc DAsensor day2.mp4,0.0,1922.500,2636.667,30.000,No focal subject,0.0,w,Not defined,POINT,2588.167,2588.167,NA,D:/2025_08_27 0725-11B PFC+NAc DAsensor day2/2025_08_27 0725-11B PFC+NAc DAsensor day2.mp4,77645,77645,,,,
2025_08_27 0725-11B PFC+NAc DAsensor day2,2025-08-28 22:15:16.386,,Media file,player #1:D:/2025_08_27 0725-11B PFC+NAc DAsensor day2/2025_08_27 0725-11B PFC+NAc DAsensor day2.mp4,0.0,1922.500,2636.667,30.000,No focal subject,0.0,c,Not defined,POINT,2594.967,2594.967,NA,D:/2025_08_27 0725-11B PFC+NAc DAsensor day2/2025_08_27 0725-11B PFC+NAc DAsensor day2.mp4,77849,77849,,,,
2025_08_27 0725-11B PFC+NAc DAsensor day2,2025-08-28 22:15:16.386,,Media file,player #1:D:/2025_08_27 0725-11B PFC+NAc DAsensor day2/2025_08_27 0725-11B PFC+NAc DAsensor day2.mp4,0.0,1922.500,2636.667,30.000,No focal subject,0.0,t,Not defined,POINT,2599.733,2599.733,NA,D:/2025_08_27 0725-11B PFC+NAc DAsensor day2/2025_08_27 0725-11B PFC+NAc DAsensor day2.mp4,77992,77992,,,,
